7199544.0,32700 Desert Moon Dr,Thousand Palms,CA,92276
5518636.0,4733 Desert Knoll Ave,Twentynine Palms,CA,92277
5240941.0,3433 Parkside Dr,San Bernardino,CA,92404
5508493.0,19871 Hwy 79,San Jacinto,CA,92583
5251183.0,1020 Soboba Rd,San Jacinto,CA,92583
5501472.0,702 E Isham Ave,Porterville,CA,93257
5502253.0,24860 Birch St,Willits,CA,95490
5501569.0,1777 Norton Rd,McKinleyville,CA,95519
5241133.0,3600 Buttermilk Ln,Arcata,CA,95521
5258310.0,3030 Lesina Rd,Crescent City,CA,95531
5258378.0,130 Club Dr,Crescent City,CA,95531
1839549.0,1005 Sun City Ln,Lincoln,CA,95648
5260680.0,965 Orchard Creek Ln,Lincoln,CA,95648
5523218.0,1525 State Highway 193,Lincoln,CA,95648
2503502.0,1111 Catta Verdera,Lincoln,CA,95648
5233041.0,3070 Twelve Bridges Dr,Lincoln,CA,95648
5243739.0,6500 Clubhouse Dr,Placerville,CA,95667
5221329.0,3201 Royal Dr,Shingle Springs,CA,95682
5241031.0,1551 Country Club Rd,Olivehurst,CA,95961
5244974.0,5131 Royal Oaks Dr,Oroville,CA,95966
5507039.0,470 Circle Dr,Susanville,CA,96130
1904138.0,2018 N Dolores Rd,Cortez,CO,81321
5211604.0,502 County Road 108,Rangely,CO,81648
7599286.0,11850 NW 22 St,Miami,FL,33182
5176195.0,3601 Placid Lakes Blvd,Lake Placid,FL,33852
7326636.0,1057 Lake June Rd,Lake Placid,FL,33852
5589382.0,806 W 13th St,Tama,IA,52339
1938882.0,201 Von Elm Ln,Pocatello,ID,83201
1910312.0,1665 Pocatello Creek Rd,Pocatello,ID,83201
1938888.0,3500 Bannock Hwy,Pocatello,ID,83204
7405629.0,123 N Main St,Pocatello,ID,83204
1937035.0,6600 Bannock Hwy,Pocatello,ID,83204
1938975.0,610 N Oregon Trl,American Falls,ID,83211
2167999.0,3115 Teeples Dr,Blackfoot,ID,83221
5575442.0,Hwy 95 S,Bonners Ferry,ID,83805
1950211.0,4201 Miami St,South Bend,IN,46614
1760898.0,300 Koqsati Dr,Kinder,LA,70648
5216738.0,222 Slim Lemoine Rd,Marksville,LA,71351
1801731.0,175 Town Farm Rd,Lincoln,ME,4457.
2016575.0,240 W Old Town Rd,Old Town,ME,44685
1802320.0,1886 Main Rd,West Enfield,ME,44934
5567458.0,6 Country Club Dr W,Houlton,ME,4730.
5552405.0,7795 S Clare Ave,Clare,MI,48617
5560187.0,1251 Clubhouse Dr,Farwell,MI,48622
1759167.0,1699 N Huron Rd,Pinconning,MI,48650
1759194.0,2244 Pine River Rd,Standish,MI,48658
5576563.0,3686 E River Rd,Mount Pleasant,MI,48858
5581508.0,6595 E Airport Rd,Mount Pleasant,MI,48858
5056621.0,1559 S Chippewa Rd,Mount Pleasant,MI,48858
5581421.0,4452 E Millbrook Rd,Mount Pleasant,MI,48858
5583790.0,1313 E Broomfield Rd,Mount Pleasant,MI,48858
3845749.0,8400 S Genuine Rd,Shepherd,MI,48883
5580524.0,1022 Clubhouse Dr,Weidman,MI,48893
5577936.0,11619 H Dr N,Battle Creek,MI,49014
5551261.0,7255 B Dr S,Battle Creek,MI,49014
5565893.0,29592 Pokagon Hwy,Dowagiac,MI,49047
5594908.0,12578 Wilson Rd,New Buffalo,MI,49117
5578606.0,714 125th Ave,Shelbyville,MI,49344
5595658.0,12300 Bowens Mill Rd,Wayland,MI,49348
5056559.0,500 Cherry St,Manistee,MI,49660
1759821.0,120 County Line Rd E,Manistee,MI,49660
1839466.0,7951 Turnberry Cir,Williamsburg,MI,49690
5594954.0,11335 W Lakeshore Dr,Brimley,MI,49715
1760249.0,5731 Marion Center Rd,Charlevoix,MI,49720
1959688.0,512 Belvedere Ave,Charlevoix,MI,49720
5555009.0,9600 Club House Dr,Charlevoix,MI,49720
5568117.0,9031 Boyne City Rd,Charlevoix,MI,49720
1759453.0,6386 Ferry Rd,East Jordan,MI,49727
5573589.0,9569 Bailey Rd,East Jordan,MI,49727
2517259.0,8475 S Lake Shore Dr,Harbor Springs,MI,49740
3623565.0,600 Highland Rd,Harbor Springs,MI,49740
5555351.0,1875 Club House Dr,Harbor Springs,MI,49740
2211314.0,2500 True North Dr,Harbor Springs,MI,49740
5551279.0,600 Birchwood Dr,Harbor Springs,MI,49740
5572365.0,995 Hideaway Valley Dr,Harbor Springs,MI,49740
2509151.0,5543 M 119,Harbor Springs,MI,49740
1759260.0,5995 Country Club Shrs,Petoskey,MI,49770
5557913.0,600 Crooked Tree Dr,Petoskey,MI,49770
5550280.0,5800 Coastal Ridge Dr,Petoskey,MI,49770
5054966.0,2328 Country Club Rd,Petoskey,MI,49770
5630874.0,2600 W 16th Ave,Sault Sainte Marie,MI,49783
7552511.0,1520 Riverside Dr Ste A,Sault Sainte Marie,MI,49783
5559090.0,50 Woodside Dr,Kincheloe,MI,49788
5566810.0,3011 US Hwy 2 & 41,Escanaba,MI,49829
5562126.0,1800 11th Ave S,Escanaba,MI,49829
5055382.0,15710 18th Rd,Garden,MI,49835
3487535.0,8102W Us Highway 2,Manistique,MI,49854
5568038.0,1305N Birch St,Manistique,MI,49854
3622402.0,353 Gentz Rd,Marquette,MI,49855
5574055.0,1075 Grove St,Marquette,MI,49855
3589681.0,125 Chocolay Downs Golf Dr,Marquette,MI,49855
5580337.0,E10240 County Road H58,Munising,MI,49862
1760195.0,5073 M 28,Newberry,MI,49868
5570821.0,US Hwy 41,LAnse,MI,49946
5647153.0,2015 Westview Dr,Hastings,MN,55033
5647214.0,12977 200th St E,Hastings,MN,55033
5646837.0,14425 Goodwin Ave,Hastings,MN,55033
1975733.0,13239 210th St E,Hastings,MN,55033
5647036.0,300 Lady Luck Dr,Hinckley,MN,55037
1985140.0,29410 Beroun Crossing Rd,Pine City,MN,55063
5648256.0,10413 Golf Course Rd SW,Pine City,MN,55063
5648578.0,343 Lark St,Sandstone,MN,55072
5648997.0,3151 Wilds Ridge Ct NW,Prior Lake,MN,55372
7229831.0,2400 Mystic Lake Blvd,Prior Lake,MN,55372
1893037.0,2693 County Road 79,Shakopee,MN,55379
1954407.0,1789 Highway 210,Carlton,MN,55718
5648260.0,1689 County Road 61,Carlton,MN,55718
5646490.0,400 Country Club Dr,Cloquet,MN,55720
5646112.0,780 Cary Rd,Cloquet,MN,55720
5649305.0,10761 Highway 2,Floodwood,MN,55736
5648590.0,23247 480th St,McGregor,MN,55760
1938440.0,1450 Bois Forte Rd,Tower,MN,55790
2046643.0,248 Twin Creeks Dr,Hokah,MN,55941
5648259.0,3815 N Pine Creek Rd,La Crescent,MN,55947
5648465.0,5522 Highway 67,Granite Falls,MN,56241
5649255.0,6401 County Road 10,Wheaton,MN,56296
2043846.0,1081 395th St,Isle,MN,56342
5647336.0,40005 85th Ave,Onamia,MN,56359
7407644.0,18217 Captive Lake Rd,Garrison,MN,56450
5647167.0,20018 County 1,Park Rapids,MN,56470
5646790.0,24988 Us 71,Park Rapids,MN,56470
2221897.0,6542 Wedgewood Rd NW,Walker,MN,56484
5649016.0,7470 St Hwy 34,Walker,MN,56484
1985812.0,6516 Long Bow Trl NW,Walker,MN,56484
1969297.0,15299 County Highway 6,Lake Park,MN,56554
5647742.0,2267 155th Ave,Mahnomen,MN,56557
5646084.0,2425 Birchmont Beach Rd NE,Bemidji,MN,56601
1971082.0,24907 Beltrami Line Rd,Bemidji,MN,56601
1980609.0,1361 Swenson Rd NE,Bemidji,MN,56601
2033464.0,59851 County Road 261,Bigfork,MN,56628
5648580.0,6355 Golf Course Rd NW,Cass Lake,MN,56633
3827741.0,44510 Golf Course Rd,Deer River,MN,56636
5565444.0,951 Hwy 430 S,Greenwood,MS,38930
2909769.0,120 Golf Course Rd,Kosciusko,MS,39090
1938342.0,1 Choctaw Trl,Philadelphia,MS,39350
5578051.0,100 Front Beach Dr,Ocean Springs,MS,39564
5563205.0,PO Box 344,Hardin,MT,59034
5582058.0,1292 Pryor Creek Rd,Huntley,MT,59037
7190542.0,2957 Blue Creek Rd,Billings,MT,59101
5552562.0,3429 Briarwood Blvd,Billings,MT,59101
2010348.0,Hwy 25 E,Wolf Point,MT,59201
5588928.0,95 Skylark Rd,Glasgow,MT,59230
5581442.0,709 Sheridan St,Plentywood,MT,59254
7403555.0,7 Golf Course Rd,Scobey,MT,59263
5563193.0,47 Smith Creek Rd,Forsyth,MT,59327
5558153.0,59 Golf Course Rd N,Cut Bank,MT,59427
7406933.0,1 Midvale Ln,East Glacier Park,MT,59434
5550483.0,5656 Hwy 2W,Havre,MT,59501
2636457.0,4910 Shepherd Rd N,Havre,MT,59501
2165964.0,1290 Stephens Rd,Chinook,MT,59523
1995320.0,16849 102nd St SE,Hankinson,ND,58041
1967595.0,633 1st St SE,Lidgerwood,ND,58053
1967202.0,10650 95th St NE,Langdon,ND,58249
2742141.0,705 3rd St,Langdon,ND,58249
1951567.0,12114 County 55,Walhalla,ND,58282
1952259.0,892 Hwy 3,Dunseith,ND,58329
7586130.0,8475 40th Ave,Rolette,ND,58366
1952270.0,506 NE Country Club Rd,Rolla,ND,58367
3789707.0,112 NE 2nd St,Stanley,ND,58784
1952430.0,4201 42nd St,Williston,ND,58801
5052210.0,64870 706 Trl,Falls City,NE,68355
1711041.0,58472 858 Rd,Wakefield,NE,68784
7543006.0,1000 Dowden St,Valentine,NE,69201
5211724.0,2001 George Hanosh Blvd,Grants,NM,87020
2545431.0,2101 Sunrise Pkwy,Farmington,NM,87401
1765854.0,17746 Us 84/285,Santa Fe,NM,87506
5211732.0,132 Clubhouse Dr,Santa Fe,NM,87506
1943084.0,4250 Diamond Dr,Los Alamos,NM,87544
5211753.0,28 Lodge Rd,Taos,NM,87571
1841156.0,10 Miller Ln,Angel Fire,NM,87710
3360917.0,101 Country Club Dr,Angel Fire,NM,87710
5265097.0,9905 Aha Macav Pkwy,Laughlin,NV,89029
5265551.0,3500 Sullivan Ln,Sparks,NV,89431
2217405.0,5800 Kiley Links Dr,Sparks,NV,89436
5241271.0,6600 N Wingfield Pkwy,Sparks,NV,89436
5241265.0,3575 E Hidden Valley Dr,Reno,NV,89502
5239420.0,6355 Silver Lake Rd,Reno,NV,89506
2014016.0,18077 Bordeaux Dr,Reno,NV,89511
5265677.0,2905 Arrowcreek Pkwy,Reno,NV,89511
5265650.0,1400 Wolf Run Rd,Reno,NV,89511
1602983.0,401 Fairway Blvd,Spring Creek,NV,89815
1601665.0,205 Fairway Dr,Battle Mountain,NV,89820
5568027.0,3605 Brookside Dr,Hood River,OR,97031
5574447.0,1850 Country Club Rd,Hood River,OR,97031
5556034.0,3245 NE 50th St,Lincoln City,OR,97367
5578194.0,1022 Olalla Rd,Toledo,OR,97391
5585302.0,1201 35th St,Florence,OR,97439
5578035.0,3345 Munsel Lake Rd,Florence,OR,97439
5574431.0,1316 SE Fairway Dr,Myrtle Creek,OR,97457
5591814.0,172 S Old Pacific Hwy,Myrtle Creek,OR,97457
5553539.0,1005 NW Stewart Pkwy,Roseburg,OR,97471
5584368.0,5051 Garden Valley Rd,Roseburg,OR,97471
5592588.0,345 Hines Blvd,Hines,OR,97738
1947163.0,565 NW Adler St,Madras,OR,97741
5579958.0,69772 Highway 395 S,Pendleton,OR,97801
1803273.0,1700 Railroad Ave,Arlington,OR,97812
5592307.0,705 Willamette St,Umatilla,OR,97882
1919751.0,555 S Lake Dr,Watertown,SD,57201
1944486.0,351 S Lake Dr,Watertown,SD,57201
3624806.0,116750 Roykota Dr,Lake City,SD,57247
1931804.0,11916 Swenumson Dr,Sisseton,SD,57262
7458295.0,33848 Golf Course Dr,Oacoma,SD,57365
1945252.0,10920 424th Ave,Britton,SD,57430
2763636.0,108 E Court St,Gettysburg,SD,57442
1931177.0,27619 Herman Ranch Pl,Draper,SD,57531
1981160.0,28820 339th Ave,Gregory,SD,57533
1788599.0,Hwy 83 S,Mission,SD,57555
1944466.0,204 Main St,Murdo,SD,57559
2002502.0,22275 Golf Course Rd,Philip,SD,57567
1954220.0,24123 308th Ave,Presho,SD,57568
1940126.0,1220 Country Club Rd,Winner,SD,57580
1947369.0,20470 Sd Highway 79,Sturgis,SD,57785
5601220.0,483 Bliss St,Eagle Pass,TX,78852
7072323.0,205 N Red Ledges Blvd,Heber City,UT,84032
3763579.0,7474 Victory Ranch Rd,Kamas,UT,84036
2491574.0,9875 N Tuhaye Park Dr,Kamas,UT,84036
1947879.0,1155 Club House Dr,Roosevelt,UT,84066
5601381.0,675 S 2000 E,Vernal,UT,84078
5601474.0,3055 N Highway 6,Helper,UT,84526
5601854.0,45220 288th Ave SE,Enumclaw,WA,98022
5600826.0,3583 SW 320th St,Federal Way,WA,98023
5600794.0,29925 207th Ave SE,Kent,WA,98042
5601667.0,24830 136th Ave SE,Kent,WA,98042
1781714.0,14330 SE Husky Way,Auburn,WA,98092
1781255.0,12518 Christianson Rd,Anacortes,WA,98221
5631064.0,7619 E Country Club Dr,Arlington,WA,98223
5601873.0,16701 Country Club Dr,Burlington,WA,98233
5603845.0,19345 Kelleher Rd,Burlington,WA,98233
5630072.0,6827 Hannegan Rd,Everson,WA,98247
5629921.0,115 E Homestead Blvd,Lynden,WA,98264
1787322.0,6810 84th St NE,Marysville,WA,98270
5600979.0,15711 Marine Dr,Stanwood,WA,98292
7149725.0,7015 Old Olympic Hwy,Sequim,WA,98382
5601875.0,109 Hilltop Dr,Sequim,WA,98382
5612198.0,1965 Woodcock Rd,Sequim,WA,98382
7590001.0,20818 Island Pkwy E,Bonney Lake,WA,98391
5630042.0,4101 Northshore Blvd NE,Tacoma,WA,98422
5600912.0,6340 Neylon Dr SW,Olympia,WA,98512
5601084.0,11746 Scott Creek Dr SW,Olympia,WA,98512
5601741.0,1451 NW Airport Way,Chehalis,WA,98532
5605333.0,153 Newaukum Golf Dr,Chehalis,WA,98532
5600942.0,1901 N Columbus Ave,Goldendale,WA,98620
7340070.0,200 Sands Trail Rd,Brewster,WA,98812
5628243.0,105 Danker Cutoff Rd,Omak,WA,98841
5601398.0,8804 Occidental Rd,Yakima,WA,98903
1789566.0,530 Cherry Hill Rd,Granger,WA,98932
1784861.0,31 Ray Rd,Sunnyside,WA,98944
5601295.0,1250 Rocky Ford Rd,Toppenish,WA,98948
5601124.0,2537 Sand Canyon Rd,Chewelah,WA,99109
5601846.0,899 Cole St,Wilbur,WA,99185
5601255.0,1000 S Assembly Rd,Spokane,WA,99224
5601310.0,301 E Meadowlane Rd,Spokane,WA,99224
5630172.0,5840 S Meadowlane Rd,Spokane,WA,99224
5608153.0,201 E Rees Ave,Walla Walla,WA,99362
3590282.0,176 W Pine St,Walla Walla,WA,99362
5601833.0,1390 Country Club Rd,Walla Walla,WA,99362
5046613.0,N1076 Golf Rd,Prairie du Sac,WI,53578
1764025.0,6701 E Beltline Hwy,Madison,WI,53718
2176310.0,401 Mine Rd,Baraboo,WI,53913
7326935.0,S3308 Fox Hill Rd,Baraboo,WI,53913
5042613.0,1426 County Road J,Friendship,WI,53934
1764047.0,W6285 Welch Prairie Rd,New Lisbon,WI,53950
7413896.0,420 Birchwood Rd Unit 1,Wisconsin Dells,WI,53965
2029920.0,712 State Road 23,Wisconsin Dells,WI,53965
2023647.0,242 Lake Shore Dr,Wisconsin Dells,WI,53965
5040575.0,4052 River Rd,Wisconsin Dells,WI,53965
1760672.0,2955 Wisconsin Dells Pkwy,Wisconsin Dells,WI,53965
1932587.0,511 E Adams St,Wisconsin Dells,WI,53965
5045228.0,3850 Mid Valley Dr,De Pere,WI,54115
2172019.0,3111 Monroe Rd,De Pere,WI,54115
1760685.0,3623 Club Dr,De Pere,WI,54115
5045834.0,3640 Sand Acres Dr,De Pere,WI,54115
5045425.0,5911 County Road Pp,De Pere,WI,54115
1906218.0,3149 Dickinson Rd,De Pere,WI,54115
1750637.0,N9498 Big Lake Rd,Gresham,WI,54128
5045406.0,1700 Haas Rd,Kaukauna,WI,54130
5045535.0,W1759 County Road Uu,Kaukauna,WI,54130
5045300.0,W726 Weiler Rd,Kaukauna,WI,54130
5045368.0,N8055 French Rd,Seymour,WI,54165
5040588.0,W5714 Lake Dr,Shawano,WI,54166
1763712.0,501 Golf Course Rd,Suring,WI,54174
7305489.0,345 Village Ct,Green Bay,WI,54303
5045568.0,2500 S Ashland Ave,Green Bay,WI,54304
5040530.0,207 Country Club Rd,Green Bay,WI,54313
5044298.0,302 Riverdale Dr,Green Bay,WI,54313
5040657.0,W11817 Highland Rd,Antigo,WI,54409
1907396.0,603 E Division St,Neillsville,WI,54456
5045711.0,1472 Apache Ave,Nekoosa,WI,54457
7589365.0,266 Matterhorn Trl,Nekoosa,WI,54457
7473894.0,1697 Leopold Way,Nekoosa,WI,54457
5040734.0,1195 Apache Ln,Nekoosa,WI,54457
1759189.0,3372 State Highway 73,Wisconsin Rapids,WI,54495
5043769.0,N6621 Cardinal Ln,Wittenberg,WI,54499
5040615.0,5245 Fairway Ct,Laona,WI,54541
1760835.0,612 N 11th St,Black River Falls,WI,54615
1660105.0,W7665 Sylvester Rd,Holmen,WI,54636
1758454.0,100 Green Coulee Rd,Onalaska,WI,54650
5047095.0,300 Marcou Rd,Onalaska,WI,54650
1760884.0,2600 Cedar Creek Ln,Onalaska,WI,54650
1851270.0,10229 Ellsworth Rd,Tomah,WI,54660
1943980.0,W24411 Fairway Ln,Trempealeau,WI,54661
1947362.0,W6120 County Highway H,Spooner,WI,54801
1840052.0,34745 Madeline Trl,Bayfield,WI,54814
2053695.0,2754 28th St,Birchwood,WI,54817
1859897.0,2855 29th Ave,Birchwood,WI,54817
1998763.0,2400 5th St,Cumberland,WI,54829
1673847.0,28851 Kilkare Rd,Danbury,WI,54830
1758583.0,7768 County Road U,Danbury,WI,54830
7479112.0,28281 French Rd,Danbury,WI,54830
1988671.0,6820 Fire Hill Rd,Gordon,WI,54838
1949403.0,14122 N True North Ln,Hayward,WI,54843
3615044.0,10763 W Twin Lake Rd,Hayward,WI,54843
1939824.0,11165 W Elaine Dr,Hayward,WI,54843
1930545.0,16005 W Radio Hill Rd,Hayward,WI,54843
1973788.0,10334 N Sandy Beach Rd,Hayward,WI,54843
1996603.0,1520 S Shore Dr,Luck,WI,54853
1947251.0,W7677 Nancy Lake Rd,Minong,WI,54859
1760695.0,11701 W State Road 27 70,Radisson,WI,54867
1990877.0,8606 Waldora Rd,Siren,WI,54872
1983922.0,11121 S County Road A,Solon Springs,WI,54873
1996096.0,27536 State Road 35,Webster,WI,54893
1972754.0,6877W Golf Course Rd,Winter,WI,54896
5608157.0,141 Airport Rd,Thermopolis,WY,82443
5601499.0,4275 Country Club Dr,Riverton,WY,82501
5625083.0,126 Club House,Dubois,WY,82513
5628281.0,1 Golf Course Dr,Lander,WY,82520
5601260.0,65 Golf Course Rd,Sheridan,WY,82801
7222137.0,550 Mydland Rd,Sheridan,WY,82801
1898290.0,23 Country Club Ln,Sheridan,WY,82801
575663.0,1661 Eastern Blvd,Montgomery,AL,36117
5595473.0,5743 Woodmere Blvd,Montgomery,AL,36117
1901285.0,465 N Eastern Blvd,Montgomery,AL,36117
5553200.0,121 N Burbank Dr,Montgomery,AL,36117
5266766.0,1109 N Beeline Hwy,Payson,AZ,85541
5240466.0,3406 E Santa Fe Ave,Flagstaff,AZ,86001
5269097.0,114 N Leroux St,Flagstaff,AZ,86001
5266157.0,9300 N Snow Bowl Ranch Rd,Flagstaff,AZ,86001
5240300.0,1246 E Main St,El Cajon,CA,92021
2171617.0,49750 Seminole Dr,Cabazon,CA,92230
5240279.0,68051 Ramon Rd,Cathedral City,CA,92234
5246665.0,73768 Gorgonio Dr,Twentynine Palms,CA,92277
5520521.0,1120 E Highland Ave Ste 3,San Bernardino,CA,92404
5240546.0,952 W Grand Ave,Porterville,CA,93257
5238704.0,1417 Glendale Dr,McKinleyville,CA,95519
5504923.0,760 L St,Crescent City,CA,95531
1754608.0,4010 Olive Hwy,Oroville,CA,95966
5245678.0,1601 S Oregon St,Yreka,CA,96097
1765399.0,290 Hillside Dr,Cortez,CO,81321
5112502.0,188 W Town St,Norwich,CT,63602
5580427.0,533 W Highway 26,Blackfoot,ID,83221
5547336.0,6696 Main St,Bonners Ferry,ID,83805
5020177.0,225 W Chippewa Ave,South Bend,IN,46614
5578358.0,156 Center St,Old Town,ME,44681
5564163.0,1410 N Mcewan St,Clare,MI,48617
5580426.0,770 E Pinconning Rd,Pinconning,MI,48650
1760803.0,447 S Main St,Standish,MI,48658
5551456.0,58 Jackson Rd,Blanchard,MI,49310
5583225.0,356 W Wheatland Ave,Remus,MI,49340
5575028.0,1569 Us Highway 31 S,Manistee,MI,49660
1758984.0,214 Main St,East Jordan,MI,49727
1892876.0,8865 M 119,Harbor Springs,MI,49740
1973723.0,8865 M 119,Harbor Springs,MI,49740
5564164.0,200 Ferry Ln,Saint Ignace,MI,49781
5630419.0,3162 S Mackinac Trl,Sault Sainte Marie,MI,49783
5552216.0,2510 1st Ave N,Escanaba,MI,49829
5551033.0,3060 Us Highway 41 W,Marquette,MI,49855
5564540.0,124 E Munising Ave,Munising,MI,49862
5578160.0,797 Michigan Ave,Baraga,MI,49908
2002460.0,406 Main St,Sandstone,MN,55072
7408923.0,5734 Sturgeon Lake Rd,Welch,MN,55089
5645145.0,3020 133rd St W,Shakopee,MN,55379
7506889.0,1102 Olympic Dr,Cloquet,MN,55720
2164506.0,9 N Maddy St,McGregor,MN,55760
5647049.0,130 7th Ave,Granite Falls,MN,56241
5644876.0,365 3rd Ave S,Isle,MN,56342
1980875.0,104 4th St NE,Aitkin,MN,56431
1769468.0,218 W Main St,Crosby,MN,56441
2141612.0,123 E Monroe Ave,Mahnomen,MN,56557
3985313.0,3455 Laurel Dr NW,Bemidji,MN,56601
1948997.0,116 Main Ave N,Bagley,MN,56621
5646181.0,44919 Golf Course Rd,Deer River,MN,56636
5571780.0,624 Highway 82 W,Greenwood,MS,38930
7324117.0,257 W Beacon St,Philadelphia,MS,39350
5562778.0,1431 Industrial Ave,Billings,MT,59101
5561006.0,53936 Us Highway 2 W,Glasgow,MT,59230
5593563.0,809 Front St,Nashua,MT,59248
2143672.0,568 W 1st Ave,Plentywood,MT,59254
1827230.0,501 1st Ave E,Scobey,MT,59263
5562204.0,1681 Front,Forsyth,MT,59327
3177416.0,113 Public Sq,Browning,MT,59417
5564552.0,34 S Central Ave,Cut Bank,MT,59427
5573052.0,1920 Us Highway 2 E,Havre,MT,59501
5569787.0,215 Main St,Rudyard,MT,59540
1796439.0,1804 2nd Ave W,Williston,ND,58801
1711062.0,1111 E 14th St,Falls City,NE,68355
1725912.0,433 E Highway 20,Valentine,NE,69201
3643063.0,1900 E Aztec Ave,Gallup,NM,87301
5207844.0,1400 S Second St,Gallup,NM,87301
1648955.0,10 Cities Of Gold Rd Ste B,Santa Fe,NM,87506
7613925.0,460 N Riverside Dr,Espanola,NM,87532
5265552.0,3350 S Virginia St,Reno,NV,89502
5265696.0,3390 S Virginia St,Reno,NV,89502
5578613.0,1141 Tucker Rd,Hood River,OR,97031
7227048.0,2821 NW Highway 101,Lincoln City,OR,97367
5594628.0,675 NW Highway 20,Toledo,OR,97391
5567081.0,1710 27th St,Florence,OR,97439
5577294.0,670 S Old Pacific Hwy,Myrtle Creek,OR,97457
5554648.0,2400 NE Diamond Lake Blvd,Roseburg,OR,97470
5573357.0,600 NE A St,Madras,OR,97741
5558915.0,1545 N 1st St,Hermiston,OR,97838
1910068.0,16 S Maple,Watertown,SD,57201
7081641.0,219 Main St,New Effington,SD,57255
7488518.0,46112 Sd Highway 10,Sisseton,SD,57262
1769517.0,107 N Exene St,Gettysburg,SD,57442
1931487.0,308 Main St,Gregory,SD,57533
1954781.0,123 E Us Highway 14,Philip,SD,57567
1954216.0,206 N Main St,Presho,SD,57568
1931746.0,1386 E Highway 44,Winner,SD,57580
1919797.0,910 1st St,Sturgis,SD,57785
7336295.0,6900 U S Highway 190 W,Livingston,TX,77351
2224019.0,3515 Fm 1021,Eagle Pass,TX,78852
7063952.0,7475 Hwy 40 E,Fort Duchesne,UT,84026
5628550.0,565 N Main St,Heber City,UT,84032
5628539.0,94 S Main St,Helper,UT,84526
1673734.0,1633 Carbonville Rd,Helper,UT,84526
5628594.0,34500 Pacific Hwy S,Federal Way,WA,98003
7316839.0,6012 12th Ave S,Seattle,WA,98108
5628566.0,420 N Olympic Ave,Arlington,WA,98223
5612230.0,1067 Columbia Ave,Marysville,WA,98270
5612227.0,225 Riverside Ln,Mount Vernon,WA,98273
1767692.0,27120 92nd Ave NW,Stanwood,WA,98292
5628723.0,1501 S Gold St,Centralia,WA,98531
5628611.0,740 Riverside Dr,Omak,WA,98841
5628610.0,1802 E Edison Ave,Sunnyside,WA,98944
5628649.0,108 E Lincoln Ave,Chewelah,WA,99109
7476338.0,515 River Dr,Coulee Dam,WA,99116
5628695.0,411 Ash St,Walla Walla,WA,99362
5628602.0,330 S 2nd Ave,Walla Walla,WA,99362
5020315.0,5830 W Vliet St,Milwaukee,WI,53208
2118907.0,3827 W Vliet St,Milwaukee,WI,53208
5046691.0,1117 8th St,Baraboo,WI,53913
5041442.0,207 Main St,Friendship,WI,53934
5046352.0,740 Elm St,Wisconsin Dells,WI,53965
2366709.0,377 Main Ave,De Pere,WI,54115
5043660.0,132 S Broadway,De Pere,WI,54115
5044154.0,1120 S Broadway,De Pere,WI,54115
5044103.0,136 W Wisconsin Ave,Kaukauna,WI,54130
5043858.0,154 E 3rd St,Kaukauna,WI,54130
5041766.0,119 Lake Rd,Seymour,WI,54165
5042027.0,210 Airport Rd,Shawano,WI,54166
5045482.0,235 Peshtigo Brook Rd,Suring,WI,54174
5043938.0,2929 Allied St,Green Bay,WI,54304
5044284.0,3798 Velp Ave,Green Bay,WI,54313
5041754.0,400 Prosser Ave,Antigo,WI,54409
1758285.0,211 S Main St,Greenwood,WI,54437
1760763.0,11 S Grand Ave,Neillsville,WI,54456
5044326.0,493 State Highway 73 S,Nekoosa,WI,54457
5043565.0,407 S Howard St,Wittenberg,WI,54499
5042660.0,4489 N Branch St,Wabeno,WI,54566
1761919.0,210 Superior Ave,Tomah,WI,54660
1769661.0,36233 70th Ave,Stanley,WI,54768
1893810.0,412 N River St,Spooner,WI,54801
1911019.0,15278 W State Road 77,Hayward,WI,54843
1759567.0,7462 Main St W,Webster,WI,54893
5612232.0,127 E 3rd St,Lovell,WY,82431
5630093.0,1290 Main St,Lander,WY,82520
5628523.0,1520 Coffeen Ave,Sheridan,WY,82801
5629936.0,2631 State Highway 150 S,Evanston,WY,82930
2172165.0,100 River Oaks Dr,Wetumpka,AL,36092
1872027.0,1801 Eddie Tullis Dr,Montgomery,AL,36117
3518463.0,303 Poarch Rd,Atmore,AL,36502
7073810.0,Hwy 86 & Mile Post 55,Ajo,AZ,85321
5267527.0,Hwy 87 M M 251,Payson,AZ,85541
1604523.0,1100 W Pima Mine Rd,Sahuarita,AZ,85629
7004921.0,7406 S Camino De Oeste,Tucson,AZ,85746
1603484.0,7350 S Nogales Hwy,Tucson,AZ,85756
1708353.0,5655 W Valencia Rd,Tucson,AZ,85757
7232583.0,22181 Resort Blvd,Flagstaff,AZ,86004
1604011.0,8555 S Highway 95,Mohave Valley,AZ,86440
3644235.0,5469 Casino Way,El Cajon,CA,92019
5240573.0,49500 Seminole Dr,Cabazon,CA,92230
5218384.0,401 E Amado Rd,Palm Springs,CA,92262
1605795.0,32250 Bob Hope Dr,Rancho Mirage,CA,92270
7308034.0,73829 Baseline Rd,Twentynine Palms,CA,92277
1748604.0,777 San Manuel Blvd,Highland,CA,92346
1643980.0,23333 Soboba Rd,San Jacinto,CA,92583
5253683.0,31989 River Island Dr,Porterville,CA,93257
1603474.0,37302 Rancheria Ln,Auberry,CA,93602
1783080.0,711 Lucky Ln,Coarsegold,CA,93614
1730887.0,3250 Highway 128,Geyserville,CA,95441
2455161.0,1545 E State Hwy 20,Nice,CA,95464
1675173.0,777 Casino Way,Blue Lake,CA,95525
1756725.0,2500 Howland Hill Rd,Crescent City,CA,95531
1632929.0,250 N Indian Rd,Smith River,CA,95567
1771160.0,1200 Athens Ave,Lincoln,CA,95648
3193253.0,1 Red Hawk Pkwy,Placerville,CA,95667
1670969.0,4020 Olive Hwy,Oroville,CA,95966
1547308.0,1 Alverda Dr,Oroville,CA,95966
5260864.0,3 Alverda Dr,Oroville,CA,95966
7584872.0,777 Casino Way,Yreka,CA,96097
1632947.0,900 Skyline Dr,Susanville,CA,96130
2239721.0,1 Mohegan Sun Blvd,Uncasville,CT,63821
5112797.0,1 Mohegan Sun Blvd,Uncasville,CT,63821
5175620.0,500 SW 177th Ave,Miami,FL,33194
1670992.0,1504 305th St,Tama,IA,52339
1595958.0,1707 E County Rd,Pocatello,ID,83204
3441019.0,7169 Plaza St,Bonners Ferry,ID,83805
7571833.0,3000 Prairie Ave,South Bend,IN,46614
1948791.0,777 Jackpot Dr,White Cloud,KS,66094
5211462.0,777 Coushatta Dr,Kinder,LA,70648
5215397.0,7974 Highway 1,Mansura,LA,71350
5211481.0,711 Paragon Pl,Marksville,LA,71351
2485428.0,2690 Worth Rd,Standish,MI,48658
5587163.0,6800 E Soaring Eagle Blvd,Mount Pleasant,MI,48858
3641672.0,11177 Michigan Ave E,Battle Creek,MI,49014
7190409.0,58700 M 51 S,Dowagiac,MI,49047
3934157.0,68600 Red Arrow Hwy,Hartford,MI,49057
2226235.0,11111 Wilson Rd,New Buffalo,MI,49117
3883702.0,1123 129th Ave,Wayland,MI,49348
5572347.0,2700 Orchard Hwy,Manistee,MI,49660
5571745.0,2521 N West Bay Shore Dr,Suttons Bay,MI,49682
5592100.0,7741 M 72 E,Williamsburg,MI,49690
7598592.0,1080 S Nicolet St,Mackinaw City,MI,49701
1623128.0,11386 W Lakeshore Dr,Brimley,MI,49715
5570293.0,12140 W Lakeshore Dr,Brimley,MI,49715
1865597.0,3395 N 3 Mile Rd,Hessel,MI,49745
2220074.0,1760 Lears Rd,Petoskey,MI,49770
5570163.0,3039 Mackinac Trl,Saint Ignace,MI,49781
5630936.0,2186 Shunk Rd,Sault Sainte Marie,MI,49783
5570162.0,5630W Us Highway 2,Manistique,MI,49854
5578159.0,105 Acre Trl,Marquette,MI,49855
5570161.0,N7761 Candy Cane Ln,Munising,MI,49862
5055325.0,16449 Michigan Ave,Baraga,MI,49908
1534844.0,777 Lady Luck Dr,Hinckley,MN,55037
1968195.0,2400 Mystic Lake Blvd,Prior Lake,MN,55372
1819456.0,70 Casino Dr,Grand Portage,MN,55605
1671055.0,1785 Highway 210,Carlton,MN,55718
1671056.0,1430 Bois Forte Rd,Tower,MN,55790
5646913.0,129 E Superior St,Duluth,MN,55802
1952865.0,322 E Hwy 67,Granite Falls,MN,56241
5649137.0,5616 Prairies Edge Ln,Granite Falls,MN,56241
1741076.0,777 Grand Ave,Onamia,MN,56359
5647610.0,6800 Y Frontage Rd NW,Walker,MN,56484
1671057.0,777 SE Casino Rd,Mahnomen,MN,56557
7485406.0,13325 340th St,Bagley,MN,56621
5649271.0,45830 Us Highway 2,Deer River,MN,56636
1814200.0,13541 Highway 16 W,Philadelphia,MS,39350
5576532.0,13541 Highway 16 W,Philadelphia,MS,39350
3967926.0,1 Choctaw Rd,Heidelberg,MS,39439
5572608.0,2131 W Arrow Creek Rd,Ballantine,MT,59006
5552622.0,108 S Main St,Bridger,MT,59014
5588658.0,215 S Main St,Bridger,MT,59014
5549897.0,315 13th St W,Hardin,MT,59034
3645380.0,1424 N Crawford Ave,Hardin,MT,59034
7569093.0,1600 N Crawford Ave,Hardin,MT,59034
1762732.0,1012 N Crawford Ave,Hardin,MT,59034
5581297.0,1128 N Frontage Rd,Billings,MT,59101
5581889.0,1414 4th Ave N,Billings,MT,59101
5575712.0,2824 1st Ave N,Billings,MT,59101
5572983.0,2753 State Ave,Billings,MT,59101
1914301.0,5448 Laurel Rd,Billings,MT,59101
5595368.0,4907 Southgate Dr,Billings,MT,59101
5586624.0,5435 Midland Rd,Billings,MT,59101
2015906.0,1028 Us Highway 87 E,Billings,MT,59101
5568683.0,2770 Old Hardin Rd,Billings,MT,59101
7274927.0,2775 Old Hardin Rd Unit 2,Billings,MT,59101
3505081.0,2711 N Frontage Rd,Billings,MT,59101
5581192.0,510 Blaine St,Wolf Point,MT,59201
2015924.0,408 Blaine St,Wolf Point,MT,59201
3738958.0,210 N Clinton Ave,Bainville,MT,59212
3914759.0,26 US Highway 2,Bainville,MT,59212
7254016.0,4 Us Highway 2,Bainville,MT,59212
5588109.0,602 2nd Ave E,Culbertson,MT,59218
7595462.0,103 E 6th St,Culbertson,MT,59218
2012627.0,1003 Us Highway 2 W,Glasgow,MT,59230
5556077.0,221 1st Ave N,Glasgow,MT,59230
2046314.0,203 Raymond Rd,Plentywood,MT,59254
5569465.0,111 N Main St,Plentywood,MT,59254
5573012.0,974 Front St,Forsyth,MT,59327
5591317.0,913 Main St,Forsyth,MT,59327
2068684.0,416 Central Ave,Browning,MT,59417
2171711.0,502 W Main St,Cut Bank,MT,59427
5581730.0,17 W Main St,Cut Bank,MT,59427
5573015.0,512 E Main St,Cut Bank,MT,59427
1943144.0,1105 E Main St,Cut Bank,MT,59427
3821085.0,1115 E Main St,Cut Bank,MT,59427
7464723.0,423 1st St W,Havre,MT,59501
5553159.0,415 1st St W,Havre,MT,59501
5573017.0,629 1st St W,Havre,MT,59501
5551367.0,604 1st St W,Havre,MT,59501
5573402.0,108 1st St,Havre,MT,59501
1970863.0,220 3rd Ave,Havre,MT,59501
2009302.0,400 1st St,Havre,MT,59501
5552270.0,619 1st St,Havre,MT,59501
3418915.0,1415 1st St,Havre,MT,59501
2164535.0,11031 Hwy 87,Box Elder,MT,59521
5573018.0,115 Pennsylvania St & Hwy 2,Chinook,MT,59523
5594658.0,200 Us Highway 2 W,Malta,MT,59538
5584140.0,147 S 1st Ave E,Malta,MT,59538
1830722.0,16849 102nd St SE,Hankinson,ND,58041
1833524.0,3965 Sky Dancer Way,Belcourt,ND,58316
7095974.0,4418 147th Ave NW,Williston,ND,58801
1629629.0,167 Casa Blanca Rd,Casa Blanca,NM,87007
2525894.0,I 40 Exit 102,Pueblo of Acoma,NM,87034
3099067.0,249 E Historic Hwy 66,Gallup,NM,87301
5211433.0,39 Road 5568,Farmington,NM,87401
4032487.0,Hwy 36,Fruitland,NM,87416
7439946.0,2752 Indian Service Rd 36,Farmington,NM,87499
1820730.0,17486 Hwy 84 285,Santa Fe,NM,87501
7614124.0,7 Tesuque Hill Rd,Santa Fe,NM,87506
1610768.0,10 Cities of Gold Rd,Santa Fe,NM,87506
2575372.0,30 Buffalo Thunder Trl,Santa Fe,NM,87506
5240605.0,900 E Hwy 95 N,Beatty,NV,89003
5240601.0,1650 S Casino Dr,Laughlin,NV,89029
5220599.0,1900 S Casino Dr,Laughlin,NV,89029
5240599.0,1950 S Casino Dr,Laughlin,NV,89029
5240585.0,2100 S Casino Dr,Laughlin,NV,89029
5220656.0,2200 S Casino Dr,Laughlin,NV,89029
5264606.0,2700 S Casino Dr,Laughlin,NV,89029
7361678.0,2700 S Casino Dr,Laughlin,NV,89029
5220638.0,2020 S Casino Dr,Laughlin,NV,89029
5220617.0,2121 S Casino Dr,Laughlin,NV,89029
5264611.0,2300 S Casino Dr,Laughlin,NV,89029
5544901.0,2900 S Casino Dr,Laughlin,NV,89029
5240629.0,10000 Aha Macav Pkwy,Laughlin,NV,89029
7178547.0,950 Holman Way,Sparks,NV,89431
5240642.0,2121 Victorian Ave,Sparks,NV,89431
2042308.0,533 E Prater Way,Sparks,NV,89431
5265653.0,1144 Victorian Ave,Sparks,NV,89431
7398008.0,200 N Mccarran Blvd,Sparks,NV,89431
5265590.0,1100 Nugget Ave,Sparks,NV,89431
5240655.0,865 S Rock Blvd,Sparks,NV,89431
2134873.0,1950 E Greg St,Sparks,NV,89431
1907791.0,2256 Oddie Blvd,Sparks,NV,89431
2557250.0,5342 Sparks Blvd,Sparks,NV,89436
3850483.0,2473 Wingfield Hills Rd Ste 120,Sparks,NV,89436
1976366.0,350 I 80 W,Verdi,NV,89439
5265274.0,2100 Garson Rd,Verdi,NV,89439
5545085.0,2500 E 2nd St,Reno,NV,89502
1577198.0,2707 S Virginia St,Reno,NV,89502
1577193.0,3800 S Virginia St,Reno,NV,89502
7002280.0,3304 S Mccarran Blvd,Reno,NV,89502
1909276.0,5252 Meadowood Mall Cir,Reno,NV,89502
1909279.0,1075 N Hills Blvd,Reno,NV,89506
1826838.0,192 Lemmon Dr,Reno,NV,89506
5240637.0,4720 N Virginia St,Reno,NV,89506
5239360.0,13101 S Virginia St,Reno,NV,89511
3850471.0,2870 Northtowne Ln,Reno,NV,89512
5545511.0,1000 E 6th St,Reno,NV,89512
7503281.0,1010 E 6th St,Reno,NV,89512
3899946.0,193 Damonte Ranch Pkwy,Reno,NV,89521
7095352.0,100 Trescartes Ave,Spring Creek,NV,89815
1820788.0,650 W Front St,Battle Mountain,NV,89820
3162148.0,12901 N Highway 77,Newkirk,OK,74647
1657150.0,27100 Salmon River Hwy,Grand Ronde,OR,97347
5586260.0,1501 NW 40th Pl,Lincoln City,OR,97367
5555702.0,1777 NW 44th St,Lincoln City,OR,97367
5585884.0,146 Chief Miwaleta Ln,Canyonville,OR,97417
1930152.0,5647 Highway 126,Florence,OR,97439
3979694.0,3236 Hwy 26,Warm Springs,OR,97761
1821297.0,46510 Wildhorse Blvd,Pendleton,OR,97801
1944483.0,104 S Lake Dr,Watertown,SD,57201
1000515.0,1000 10th St NW,Watertown,SD,57201
1936658.0,520 10th St NW,Watertown,SD,57201
1936669.0,137 5th St NE,Watertown,SD,57201
2260250.0,152 4th St NE,Watertown,SD,57201
7557161.0,7 8th St SW,Watertown,SD,57201
1957685.0,225 W Kemp,Watertown,SD,57201
7236636.0,21 N Maple,Watertown,SD,57201
1919697.0,1317 5th Ave SE,Watertown,SD,57201
3836395.0,717 S Broadway,Watertown,SD,57201
1950497.0,520 10th St SE,Watertown,SD,57201
1770360.0,400 9th Ave SE,Watertown,SD,57201
1805841.0,1006 14th St SE,Watertown,SD,57201
2018193.0,2301 N Highway 20,Watertown,SD,57201
1819551.0,16415 Sioux Conifer Rd,Watertown,SD,57201
2629944.0,625 20th Ave SE,Watertown,SD,57201
1581268.0,46102 Sd Highway 10,Sisseton,SD,57262
2235004.0,508 Veterans Ave,Sisseton,SD,57262
1832541.0,30421 US Hwy 83,Mission,SD,57555
1954233.0,1 Boulder Cnyn Rd Hwy 14,Sturgis,SD,57785
1964824.0,935 Main St,Sturgis,SD,57785
5621038.0,794 Lucky Eagle Dr,Eagle Pass,TX,78852
5619274.0,333 15th St NE,Auburn,WA,98002
5621546.0,2402 Auburn Way S,Auburn,WA,98002
5617425.0,2012 S 320th St,Federal Way,WA,98003
5611035.0,12885 Casino Dr,Anacortes,WA,98221
1922612.0,3438 Stoluckquamish Ln,Arlington,WA,98223
5610683.0,5984 N Darrk Ln,Bow,WA,98232
2274347.0,9750 Northwood Rd,Lynden,WA,98264
2150943.0,6410 33rd Ave NE,Marysville,WA,98271
5611612.0,10200 Quil Ceda Blvd,Marysville,WA,98271
5628915.0,270756 Highway 101,Sequim,WA,98382
1785552.0,2024 E 29th St,Tacoma,WA,98404
1880660.0,4411 Pacific Hwy E,Tacoma,WA,98424
5628910.0,12888 188th Ave SW,Rochester,WA,98579
1943089.0,4112 State Route 105,Tokeland,WA,98590
2238842.0,455 Wapato Lake Rd,Manson,WA,98831
2492346.0,41 Appleway,Okanogan,WA,98840
7406966.0,28968 Hwy 97,Omak,WA,98841
5628912.0,100 N Hayford Rd,Airway Heights,WA,99001
7570892.0,14300 St Hwy 2 W,Airway Heights,WA,99001
2096928.0,2555 Smith Rd,Chewelah,WA,99109
2272583.0,515 Birch St,Coulee Dam,WA,99116
1616838.0,1721 W Canal St,Milwaukee,WI,53233
7485403.0,4002 Evan Acres Rd,Madison,WI,53718
1673118.0,S3214 US Highway 12,Baraboo,WI,53913
5042888.0,N277 St Hwy 47,Keshena,WI,54135
1917382.0,2522 W Mason St,Green Bay,WI,54303
3434057.0,2020 Airport Dr,Green Bay,WI,54313
1786411.0,W12180 County Road A,Bowler,WI,54416
5042306.0,949 County Road G,Nekoosa,WI,54457
3505011.0,7198 US Hwy 45,Wittenberg,WI,54499
1878710.0,3084 State Highway 55,Crandon,WI,54520
5040882.0,618 State Highway 32,Wabeno,WI,54566
1799199.0,W9010 State Highway 54,Black River Falls,WI,54615
3958218.0,37600 Onigamiing Dr,Bayfield,WI,54814
1608754.0,30222 State Road 35 77,Danbury,WI,54830
1758264.0,13767 W County Road B,Hayward,WI,54843
1744901.0,777 Us Highway 8 63,Turtle Lake,WI,54889
7534751.0,30300 Highway 190,Porterville,CA,93257
7343667.0,229 N Huron Ave,Mackinaw City,MI,49701
1759643.0,556 E Central Ave,Mackinaw City,MI,49701
1761090.0,587 N State St,Saint Ignace,MI,49781
5630467.0,515 E Portage Ave,Sault Sainte Marie,MI,49783
5649194.0,323 Harbor Dr,Duluth,MN,55802
5264992.0,1900 S Casino Dr,Laughlin,NV,89029
1781375.0,504 7th St,Anacortes,WA,98221
2073409.0,1801 Commercial Ave,Anacortes,WA,98221
7611706.0,2415 T Ave Ste 2,Anacortes,WA,98221
1781758.0,2577 W Sequim Bay Rd,Sequim,WA,98382
5630149.0,6828 Highway 25 S,Davenport,WA,99122
2031191.0,N422 County Road N,Wisconsin Dells,WI,53965
7469103.0,101 James St,De Pere,WI,54115
7593280.0,1200 US Hwy 37,Lovell,WY,82431
7557472.0,410 S Main St,Wetumpka,AL,36092
1938787.0,4300 E Los Reales Rd,Tucson,AZ,85756
1497681.0,5803 N Us Highway 89,Flagstaff,AZ,86004
1705211.0,2750 E Laguna Rd,Mohave Valley,AZ,86440
5251079.0,33700 Date Palm Dr,Cathedral City,CA,92234
2513415.0,1901 E Baristo Rd,Palm Springs,CA,92262
3844013.0,205 King St,Crescent City,CA,95531
5516301.0,100 Placerville Dr,Placerville,CA,95667
7557988.0,2677 Forty Mile Rd,Wheatland,CA,95692
1755402.0,1712 Fairlane Rd,Yreka,CA,96097
7551924.0,12092 Highway 145,Cortez,CO,81321
7376294.0,14 Stott Ave,Norwich,CT,63601
2485184.0,1 Mohegan Sun Blvd,Uncasville,CT,63821
3775021.0,1100 W Alameda Rd,Pocatello,ID,83201
7595116.0,363 Poleline Ext,Pocatello,ID,83202
5581479.0,10560 Fairgrounds Rd,Pocatello,ID,83202
3174966.0,1950 Boeing,Pocatello,ID,83204
3899665.0,301 Bowie St,Hartford,MI,49057
2587031.0,2401 12th Ave N,Escanaba,MI,49829
5571287.0,401 E Fair Ave,Marquette,MI,49855
5649120.0,107 2nd St,Twin Valley,MN,56584
3855610.0,1111 NE Event Center Dr,Bemidji,MN,56601
2608423.0,1831 Sunnyside Rd SE,Bemidji,MN,56601
5556043.0,200 Highway 7 N,Greenwood,MS,38930
3492084.0,2611 9th Ave N,Billings,MT,59101
5574831.0,308 6th Ave N,Billings,MT,59101
5212214.0,17053 Us Hwy 84,Santa Fe,NM,87501
5212213.0,201 W Marcy St,Santa Fe,NM,87501
7608125.0,1580 Hymer Ave Ste 120,Sparks,NV,89431
2232296.0,2707 S Virginia St,Reno,NV,89502
7600997.0,4590 S Virginia St,Reno,NV,89502
1967614.0,Air Port Rd,Battle Mountain,NV,89820
1803607.0,4701 Portland Rd NE,Salem,OR,97305
5573358.0,2353 NW Clackamas Dr,Madras,OR,97741
1823497.0,81236 N Highway 395,Hermiston,OR,97838
1973567.0,21137 Brimstone Pl,Sturgis,SD,57785
7428233.0,970 N State Road 32,Kamas,UT,84036
7427969.0,45224 284th Ave SE,Enumclaw,WA,98022
3625961.0,31001 144th Ave SE,Kent,WA,98042
7457738.0,1970 Walton Dr,Burlington,WA,98233
1781734.0,4796 Old Highway 99 North Rd,Burlington,WA,98233
1784960.0,4605 Deming Rd,Everson,WA,98247
7455067.0,2405 E College Way,Mount Vernon,WA,98273
2076903.0,110 9th Ave SW,Puyallup,WA,98371
5628957.0,2610 Bay St,Tacoma,WA,98421
7276374.0,421 Stampede Dr E,Omak,WA,98841
7085803.0,1733 Beam Rd,Granger,WA,98932
3621928.0,750 N Hayford Rd,Airway Heights,WA,99001
7594010.0,700 Washington Ave,Baraboo,WI,53913
2169263.0,2021 14th Dr,Friendship,WI,53934
7389258.0,W4217 50th St,Mauston,WI,53948
1999194.0,N1070 Smith Rd,Wisconsin Dells,WI,53965
7295243.0,2100 River Rd,Wisconsin Dells,WI,53965
7482086.0,1770 State Highway 13,Wisconsin Dells,WI,53965
1906183.0,100 Grant St,De Pere,WI,54115
1917606.0,1460 County Road Kk,Kaukauna,WI,54130
3827600.0,637 N Main St,Seymour,WI,54165
7601263.0,637 N Main St,Seymour,WI,54165
2046835.0,990 E Green Bay St,Shawano,WI,54166
7408151.0,780 Armed Forces Dr,Green Bay,WI,54304
2548558.0,1901 S Oneida St,Green Bay,WI,54304
7569547.0,1901 S Oneida St,Green Bay,WI,54304
1931196.0,10104 US Hwy 8 W,Crandon,WI,54520
3895174.0,11215 Flagstaff Rd,Tomah,WI,54660
1981842.0,32525 Ski Hill Rd,Bayfield,WI,54814
3595538.0,13767 W County Road B,Hayward,WI,54843
2218769.0,15930 W 5th St,Hayward,WI,54843
7401498.0,69 Industrial Ln,Sheridan,WY,82801
7274962.0,2125 N Main St,Sheridan,WY,82801
1625143.0,1925 Harrison Dr,Evanston,WY,82930
5547379.0,1 Festival Dr,Montgomery,AL,36117
7334041.0,10477 Chantilly Pkwy,Montgomery,AL,36117
5268875.0,201 S Kinney Rd,Tucson,AZ,85735
1903624.0,15 W Aspen Ave,Flagstaff,AZ,86001
2206534.0,2951 Jamacha Rd,El Cajon,CA,92019
4038885.0,36850 Pickfair St,Cathedral City,CA,92234
2201675.0,789 E Tahquitz Canyon Way,Palm Springs,CA,92262
1773652.0,2300 E Baristo Rd,Palm Springs,CA,92262
2201658.0,72777 Dinah Shore Dr,Rancho Mirage,CA,92270
2201655.0,71800 Highway 111 Ste A137,Rancho Mirage,CA,92270
1945243.0,27400 Ramona Bowl Rd,Hemet,CA,92544
1728622.0,631 N Indiana St,Porterville,CA,93257
2201121.0,612 S State St,Ukiah,CA,95482
2201106.0,1001 H St,Arcata,CA,95521
2201138.0,1036 G St,Arcata,CA,95521
7605513.0,1 Harpst St,Arcata,CA,95521
7470775.0,131 H St,Blue Lake,CA,95525
2201118.0,1241 Main St,Fortuna,CA,95540
2199197.0,337 Placerville Dr,Placerville,CA,95667
7479985.0,8 E Main St,Cortez,CO,81321
1856921.0,1 Mohegan Sun Blvd,Uncasville,CT,63821
7576825.0,14 E Humbolt St,Pocatello,ID,83201
1973529.0,158 E Chubbuck Rd,Pocatello,ID,83202
7246304.0,7160 Ash St,Bonners Ferry,ID,83805
2199514.0,450 W Chippewa Ave,South Bend,IN,46614
2203844.0,4935 E Pickard St,Mount Pleasant,MI,48858
1879250.0,4230 M 72 E,Williamsburg,MI,49690
2196415.0,107 Antrim St,Charlevoix,MI,49720
7483001.0,275 E Main St,Harbor Springs,MI,49740
7597806.0,800 Bay Harbor Dr,Petoskey,MI,49770
2197329.0,845 S Weber Ave,Hinckley,MN,55037
7528628.0,8380 Hansen Ave,Shakopee,MN,55379
2203580.0,1116 Shakopee Town Sq,Shakopee,MN,55379
7090906.0,2035 Highway 33 S,Cloquet,MN,55720
3289667.0,506 W Michigan St,Duluth,MN,55802
5648032.0,211 E Superior St,Duluth,MN,55802
2150806.0,222 E Superior St,Duluth,MN,55802
7001326.0,222 E Superior St,Duluth,MN,55802
2196323.0,300 Harbor Dr,Duluth,MN,55802
2248358.0,12183 Beacon Rd,Park Rapids,MN,56470
7111640.0,1600 Government St,Ocean Springs,MS,39564
2054579.0,318 N Center Ave,Hardin,MT,59034
7343523.0,2812 1/2 2nd Ave N,Billings,MT,59101
5547402.0,2801 3rd Ave N,Billings,MT,59101
2054788.0,2319 Montana Ave,Billings,MT,59101
7406689.0,109 S 39th St,Billings,MT,59101
7434804.0,300 13th St W,Havre,MT,59501
7395724.0,1606 Alcadesa St,Santa Fe,NM,87501
2198632.0,418 Montezuma Ave,Santa Fe,NM,87501
2527925.0,301 Opera Dr,Santa Fe,NM,87506
1670621.0,555 El Rancho Dr,Sparks,NV,89431
1576170.0,1250 Victorian Ave,Sparks,NV,89431
7369476.0,147 E Pueblo St,Reno,NV,89502
1576172.0,210 E Plumb Ln,Reno,NV,89502
2203945.0,13965 S Virginia St,Reno,NV,89511
2199282.0,5 5th St,Hood River,OR,97031
7048680.0,540 NE Highway 101,Lincoln City,OR,97367
2199275.0,1930 Highway 101,Florence,OR,97439
7488640.0,509 Kingwood St,Florence,OR,97439
2199288.0,1750 NW Hughwood Ave,Roseburg,OR,97471
2203199.0,8300 Gateway Blvd E Ste 200 300,El Paso,TX,79907
7282221.0,12704 Montana Ave,El Paso,TX,79938
7613072.0,31510 Pete Von Reichbauer Way S,Federal Way,WA,98003
2197578.0,1721 Wells St,Enumclaw,WA,98022
7580739.0,5813 Airport Way S,Seattle,WA,98108
7580982.0,321 Front St,Lynden,WA,98264
4035223.0,10400 Quilceda Blvd,Marysville,WA,98271
2197587.0,712 S 1st St,Mount Vernon,WA,98273
7093879.0,414 N Sequim Ave,Sequim,WA,98382
7608016.0,10893 W Northern Quest Dr,Airway Heights,WA,99001
3941675.0,111 N 6th Ave,Walla Walla,WA,99362
2198767.0,1325 W Poplar St,Walla Walla,WA,99362
7207229.0,5906 W Vliet St,Milwaukee,WI,53208
7286812.0,628 N 10th St,Milwaukee,WI,53233
2199809.0,136 4th Ave,Baraboo,WI,53913
2323796.0,E10964 Moon Rd,Baraboo,WI,53913
1997785.0,430 W Munroe Ave,Wisconsin Dells,WI,53965
2055107.0,564 Wisconsin Dells Pkwy S,Wisconsin Dells,WI,53965
1753674.0,363 Main Ave,De Pere,WI,54115
7476740.0,123 S Broadway,De Pere,WI,54115
2047876.0,417 George St,De Pere,WI,54115
1992203.0,N3732 Uni Dr,Kaukauna,WI,54130
1672962.0,405 W Walnut St,Green Bay,WI,54303
2203341.0,755 Willard Dr,Green Bay,WI,54304
2544375.0,220 3rd Ave S Ste 6,Wisconsin Rapids,WI,54495
2801056.0,907 Kilbourn Ave,Tomah,WI,54660
2609044.0,1345 2nd Ave,Cumberland,WI,54829
1799919.0,42 N Main St,Sheridan,WY,82801
5243003.0,1500 N Gene Autry Trl,Palm Springs,CA,92262
5250376.0,1 Tramway Rd,Palm Springs,CA,92262
1952212.0,1 Valleyfair Dr,Shakopee,MN,55379
2041479.0,433 River Forks Park Rd,Roseburg,OR,97471
1749076.0,36201 Enchanted Pkwy S,Federal Way,WA,98003
3916049.0,2506 Old Town Rd,Yakima,WA,98903
3516431.0,1305 Kalahari Dr,Wisconsin Dells,WI,53965
1954688.0,1410 Wisconsin Dells Pkwy,Wisconsin Dells,WI,53965
7534919.0,720 Canyon Rd,Wisconsin Dells,WI,53965
1840075.0,1701 Wisconsin Dells Pkwy,Wisconsin Dells,WI,53965
2046853.0,1000 Stand Rock Rd,Wisconsin Dells,WI,53965
1708357.0,6901 N Casa Grande Hwy,Tucson,AZ,85743
5220786.0,9251 W Twin Peaks Rd,Tucson,AZ,85743
1707720.0,6000 E Valencia Rd,Tucson,AZ,85756
7557523.0,2340 N Fort Valley Rd,Flagstaff,AZ,86001
7020800.0,12 E Aspen Ave,Flagstaff,AZ,86001
5268466.0,6355 N Highway 180,Flagstaff,AZ,86001
7091424.0,3101 N Fort Valley Rd,Flagstaff,AZ,86001
7420485.0,1801 W Route 66,Flagstaff,AZ,86001
868335.0,2760 E Butler Ave,Flagstaff,AZ,86004
1707233.0,3200 N Country Club Dr,Flagstaff,AZ,86004
2068627.0,404 E Hopi Dr,Holbrook,AZ,86025
2720433.0,875 E Ski Run Rd,Williams,AZ,86046
7488766.0,1500 E Route 66,Williams,AZ,86046
1497682.0,1000 E Circle Pines Dr,Williams,AZ,86046
7576402.0,526 E Beale St,Kingman,AZ,86401
1929095.0,3750 Diamond Bar Ranch Rd,Meadview,AZ,86444
1863271.0,70875 Dillon Rd,Desert Hot Springs,CA,92241
2896248.0,745 N Gene Autry Trl,Palm Springs,CA,92262
7514553.0,71680 Highway 111 Ste D,Rancho Mirage,CA,92270
5516369.0,1750 S Main St,Porterville,CA,93257
713556.0,27798 Highway 190,Porterville,CA,93257
3354387.0,30250 Yosemite Springs Pkwy,Coarsegold,CA,93614
5512099.0,14448 Tulloch Dam Rd Ste B,Jamestown,CA,95327
7532891.0,100 Marina Dr Ste A,Geyserville,CA,95441
7551653.0,873 2nd St,Crescent City,CA,95531
3159514.0,965 Orchard Creek Ln,Lincoln,CA,95648
7074033.0,1630 State Highway 193,Lincoln,CA,95648
7339558.0,304 Main St,Placerville,CA,95667
1421031.0,4655 Rock Barn Rd,Shingle Springs,CA,95682
7605359.0,1415 Pumpkin Ln,Wheatland,CA,95692
7554504.0,3900 Olive Hwy,Oroville,CA,95966
1661847.0,687 125 Palmetto Way,Susanville,CA,96130
7357420.0,24050 SW 8th St,Miami,FL,33194
652072.0,9815 W Pocatello Creek Rd,Pocatello,ID,83201
7608406.0,73400 Highway 2,Moyie Springs,ID,83845
3998234.0,347 Shin Pond Rd,Patten,ME,4765.
4007008.0,7400 Division Dr,Battle Creek,MI,49014
2693144.0,514 W Water St,New Buffalo,MI,49117
7380326.0,3091 Weicks Dr,Hopkins,MI,49328
3686296.0,5080 E Sippy Rd,Custer,MI,49405
2232909.0,1884 W Hansen Rd,Scottville,MI,49454
7375884.0,2680 Bialik Rd,Manistee,MI,49660
7361234.0,186 S Pickford Ave,Hessel,MI,49745
7193680.0,461 E Mitchell St,Petoskey,MI,49770
7541845.0,W1106 Us Highway 2 W,Saint Ignace,MI,49781
1876861.0,2 Ice Circle Chi Mukwa,Sault Sainte Marie,MI,49783
7432476.0,112 S 3rd St,Marquette,MI,49855
2274338.0,123 W Baraga Ave,Marquette,MI,49855
7572938.0,4321 State Highway M553,Marquette,MI,49855
7458475.0,7195 Co Rd 381,Newberry,MI,49868
7270064.0,111 3rd St E,Hastings,MN,55033
5645916.0,6600 Peller Ave S,Hastings,MN,55033
3158318.0,14421 90th St S,Hastings,MN,55033
5649238.0,26685 County 7 Blvd,Welch,MN,55089
7614295.0,8036 Old Carriage Ct,Shakopee,MN,55379
5647907.0,1244 Canterbury Rd S Ste 306,Shakopee,MN,55379
7054056.0,305 NW 1st Ave,Cohasset,MN,55721
3379402.0,4551 Bradley Rd,Tower,MN,55790
7248032.0,1470 Bois Forte Rd,Tower,MN,55790
5647564.0,353 Harbor Dr,Duluth,MN,55802
7574258.0,2485 County 6,La Crescent,MN,55947
2164545.0,42206 438th Ln,Aitkin,MN,56431
7324769.0,1204 Park Ave S,Park Rapids,MN,56470
5648659.0,6166 Morriss Point Rd NW,Walker,MN,56484
7610674.0,510 Washington Ave,Ocean Springs,MS,39564
3150782.0,577 N Parkdale Ct,Fort Smith,MT,59035
7516717.0,401 N 27th St,Billings,MT,59101
3180749.0,106 W Shore Rd,Browning,MT,59417
7571523.0,73 Hudson Bay Rd,Browning,MT,59417
1964366.0,11950 County 55,Walhalla,ND,58282
1927842.0,221 NE Sunrise Ave,Belcourt,ND,58316
7596938.0,8961 County Road 15,Rolette,ND,58366
2212714.0,1002 11th St W,Williston,ND,58801
7530582.0,5050 145th Ave NW,Williston,ND,58801
1811376.0,211 E San Francisco,Santa Fe,NM,87501
2229778.0,St Hwy 74,Santa Fe,NM,87501
7569146.0,135 W Palace Ave Ste 202,Santa Fe,NM,87501
3387999.0,500 S Terrace Ave,Chama,NM,87520
7453061.0,955 S Rock Blvd,Sparks,NV,89431
3567556.0,275 Neighborhood Way,Sparks,NV,89441
3178864.0,1350 S Wells Ave,Reno,NV,89502
646697.0,2210 Harvard Way,Reno,NV,89502
7410301.0,531 Golden West Ct,Reno,NV,89506
695257.0,600 Newport Ln,Reno,NV,89506
7555457.0,7530 Longley Ln Ste 104,Reno,NV,89511
7513528.0,5305 Reno Corporate Dr Ste 200,Reno,NV,89511
7089138.0,2400 Tampa St,Reno,NV,89512
3829300.0,1600 Air Museum Rd,Hood River,OR,97031
7324122.0,560 SW Fleet Ave,Lincoln City,OR,97367
5561815.0,2020 NE 22nd St,Lincoln City,OR,97367
7222118.0,91560 Highway 101,Florence,OR,97439
1636453.0,4636 Heceta Beach Rd,Florence,OR,97439
1803856.0,42456 Highway 20 E,Burns,OR,97720
2234759.0,6235 SW Lakeview Dr,Culver,OR,97734
7402578.0,82284 Hat Rock Rd,Hermiston,OR,97838
7527638.0,15 1st St NW,Watertown,SD,57201
