bizname,DBA Name
FAST LANE OUTDOORS,FAST LANE
WIND CREEK MONTGOMERY,CREEK CASINO MONTGOMERY
WIND CREEK WETUMPKA,WIND CREEK CASINO AND HOTEL
DESERT VIEW TRADING POST AND ICE CREAM,DESERT VIEW TRADING POST
LAKE MANOR MARKET,LAKE MANOR GROCERY
BEST BUY MARKET -NOT AN ELECTRONICS STORE,BEST BUY MARKET
FORT MOJAVE SMOKESHOP,FORT MOJAVE SMOKE SHOP
AKIMEL SMOKE SHOP,AKIMEL FOOD TOBACCO
APACHE GOLD CASINO RESORT,APACHE GOLD CASINO CHEVRON
CHEVRON GANADO,BURNSIDE CHEVRON
CAMERON TRADING POST RV PARK,CAMERON CONOCO
KAIBAB REDCLIFF STORE,KAIBAB CONVENIENCE STORE AND GAS STATION
KEAMS CANYON SHOPPING CENTER,KEAMS CANYON SHOPPING
MT. TURNBULL APACHE MARKET,MT. TURNBALL APACHE MARKET
CHINLE - PIC-N-RUN STORE,PIC N RUN
TUBA CITY TRADING POST,RED LAKE TRADING POST
SEVEN MILE FOOD STORES,SEVEN MILE FOOD STORE
SHOWROOM AT TALKING STICK RESORT,TALKING STICK RESORT
TOTSOH TRADING POST,TOTSHO TRADING POST
WILD RIVER FAMILY ENTERTAINMENT CENTER,WILD RIVER ENTERTAINMANT CENTER
ON-AUK-MOR TRADE CENTER,ON AUK MOR TRADE CENTERS
PRESCOTT WINSUPPLY,PRESCOTT WINNELSON
YAVAPAI APACHE ENROLLMENT,YAVAPAI APACHE NATION
SINGING HILLS GOLF RESORT AT SYCUAN,SYCUAN RESORT
PALA STORE AND DELI,PALA STORE
MORONGO GOLF CLUB AT TUKWET CANYON,EAST VALLEY GOLF COURSE
"MORONGO CASINO, RESORT AND SPA",MORONGO CASINO RESORT SPA
GRAND PALMS BUFFET,AGUA CALIENTE CASINO
LA CHICANITA MARKET,LA CHICANITA
PAIUTE PALACE GAS STATION,BISHOP PAIUTE GAS STATION
BLUE LAKE CASINO HOTEL,BLUE LAKE CASINO
CACHE CREEK CASINO RESORT,CACHE CREEK CASINO GIFT SHOP AND MINI MART
YOCHA DEHE GOLF CLUB,YOCHA DE HE GOLF CLUB
FURNACE CREEK RESORT - GENERAL STORE,RANCH GENERAL STORE
GO DELI MARKET,DESERT WINES SPIRITS AND GIFTS
PACIFIC PHARMACY SERVICES,PACIFIC PHARMACY SERVICE
IN-SHAPE,SAVON PHARMACY
DOWNTOWN SHELL,SHELL
STATER BROS. MARKETS,STATER BROS
BEAR RIVER CASINO RESORT,BEAR RIVER CASINO
CAHUILLA CASINO AT MOUNTAIN SKY TRAVEL CENTER,CAHUILLA CREEK CASINO
RABBIT TRAXX TRUCK STOP MINI-MART,RABBIT TRAXX
THUNDERBIRD INTERTRIBAL DISCOUNT CENTER,THUNDERBIRD INTERTRIBAL
THE GARCIA RIVER CASINO,GARCIA RIVER CASINO
PAIUTE PALACE CASINO,PAIUTE PALACE
PALA CASINO GAS STATION,PALA MINI MART
PECHANGA SERVICE STATION,PECHANGA GAS STATION MINI MART
EAGLE FEATHER TRADING POST #1,EAGLE FEATHER TRADING POST
BLACK OAK CASINO RESORT,BLACK OAK CASINO
THE BUFFET AT THUNDER VALLEY CASINO,THUNDER VALLEY CASINO
REDWOOD HOTEL AND CASINO,REDWOOD HOTEL CASINO
WELLS LIQUOR SOUTH,MAIN LIQUOR
SIDEKICK LOUNGE,SIDE KICK LOUNGE
TEEPEE LOUNGE,T P LOUNGE
THE FOX TOWER AT FOXWOODS,MGM GRAND AT FOXWOODS GRAND EFFECTS
RIVERVIEW ESSENTIALS,RIVER VIEW ESSENTIALS
MASHANTUCKET PEQUOT TRIBAL NATION,PEQUOT OUTPOST
CHECKERED FLAG DISCOUNT LQRS,CHECKERED FLAG DISCOUNT LIQUOR
CASINO OF THE SKY,SKY ESSENTIALS
SUNRISE SQUARE ESSENTIALS,SUNRISE ESSENTIALS
VISTA LOUNGE AT WOMBI ROCK,VISTA LOUNGE
MICCOSUKEE TOBACCO SHOP,MICCOSUKEE TOBACCO
TRIBAL SMOKE SHOP,HOLLYWOOD SMOKE SHOP
LUCKY CIGAR INSIDE SEMINOLE CASINO IMMOKALEE,IMMOKALEE TRADING POST
JIBACOA CIGARS,CIGAR STORE
HERITAGE EXPRESS-WINNA VEGAS,HERITAGE EXPRESS
BLACKBIRD BEND CASINO,CASINOMAHA
MESKWAKI BINGO CASINO HOTEL,MESKWAKI BINGO CASINO
MESKWAKI TRAVEL PLAZA,MESKWAKI TRADING POST
OROFINO MARKETPLACE,GLENWOOD IGA
CABIN CITY Q,CABIN CITY
CORNER MARKET,CHEAP SMOKES
COEUR D ALENE TRIBAL GAS STATION (CONOCO),CONOCO
NEZ PERCE EXPRESS II,NEZ PERCE EXPRESS STORE
HEALTH FOOD STORE,OROFINO REAL FOOD COUNTRY STORE
WEB STORE,WEBB STORE
BEST AVE. VAPOR STORE,BESTAVE VAPOR
GCC FEATHER FUEL,FEATHER FUEL AT COUSHATTA
EAGLETOWN MARKET,EAGLE TOWN MARKET
TURTLE CREEK CASINO HOTEL,TURTLE CREEK CASINO
ADVANCED OFFICE TECHNOLOGIES (A.O.T.),ADVANCED OFFICE TECHNOLOGIES
NORTHERN WATERS CASINO RESORT,LAC VIEUX DESERT RESORT CASINO
LITTLE RIVER CASINO RESORT AND HOTEL,LITTLE RIVER CASINO RESORT
LTBB BIINDIGEN,LTBB BIIDINGEN
FIREKEEPERS CASINO HOTEL,FIREKEEPERS CASINO
STUMPS BAR AND GRILL,STUMPS
WINNIE TRADING POST,WINNIE ONE STOP
THE RUFFED GROUSE ROADHOUSE,RUFFED GROUSE ROADHOUSE
LUCKY 7 LIQUOR STORE,LUCKY 7 LIQUORS
HOLIDAY STATIONSTORES,HOLIDAY
LEGENDS GOLF CLUB,LEGENDS
CUB LIQUOR,CROSSROADS LIQUOR
SHELL SHAKOPEE,PAYLESS GAS
SHAKOPEE VFW POST 4046,SHAKOPEE VFW 4046
SHAKOPEE WINE CELLARS,WINE CELLARS
CROSSROADS LIQUOR,VALLEY LIQUOR
HOMETOWN FOODS,HOMETOWN FOOD
NEW HORIZON RESORT/LODGE,NEW HORIZON RESORT
M AND W SERVICE,M AND W
DAKOTAH MEADOWS RV PARK,DAKOTA MEADOWS RV PARK
MYSTIC LAKE CASINO HOTEL,MYSTIC LAKE CASINO
JACKPOT JUNCTION CASINO HOTEL,JACKPOT JUNCTION
FOND-DU-LUTH CASINO,FOND DU LUTH CASINO
DUTY FREE AMERICAS - GRAND PORTAGE,DUTY FREE AMERICAS
SAFARI LIQUOR,SAFARI LIQUORS
MAHNOMEN MUNICIPAL LIQUOR STORE,WILD RICE LOUNGE
DOWNSTREAM Q-STORE,DOWNSTREAM Q STORE
THE HORSESHOE BAR,HORSESHOE BAR
LAME DEER TRADING POST,LAME DEER TRADING
SHERMAN INN RESTAURANT,SHERMAN INN
TOWN PUMP FOOD STORE,TOWN PUMP AND EXXON
BIG ARM RESORT,BIG ARM GENERAL STORE
BIG BEAR EXXON MART,BIG BEAR EXXON
CATAMOUNT TRAVEL CENTER CHEROKEE,CATAMOUNT TRAVEL CENTER
EAGLES LANDING C-STORE,EAGLES LANDING C STORE
THE PRAIRIE KNIGHTS QUIK MART,PRAIRIE KNIGHTS QUIK MART
WHITE BUFFALO FOODS,WHITE BUFFALO SUPER VALUE
HERITAGE FOOD TOWN,HERITAGE FOODTOWN
SMITH STANDARD STATION,SMITH STANDARD
PONY EXPRESS-WINNEBAGO,PONY EXPRESS
HERITAGE EXPRESS,PONY EXPRESS EMERSON
CAMEL ROCK CASINO,CAMEL ROCK
SAN FELIPE TRAVEL CENTER AND PUEBLO RESTAURANT,SAN FELIPE PUEBLO TRAVEL CENTER
OHKAY EAGLE MART,EAGLE MART
CIRCLE W PAWN,CIRCLE W FOOD STORE
HORIZON PAWN,YAH TA HEY PAWN SHOP
THE 66 PIT STOP - HOME OF THE LAGUNA BURGER,66 PIT STOP
DANCING EAGLE CASINO,CASINO XPRESS
ROUTE 66 CASINO HOTEL,ROUTE 66 CASINO
NAMBE TRADING POST-GALLERY,NAMBE TRADING POST
BUFFALO THUNDER RESORT CASINO,BUFFALO THUNDER CASINO
BIEN MUR INDIAN MARKET CENTER,BIEN MUR GIFT SHOP
SANTA ANA STAR CASINO HOTEL,SANTA ANA STAR CASINO
FOUR SEASONS RESORT RANCHO ENCANTADO SANTA FE,RANCHO ENCANTADO
JICARILLA TRAVEL CENTER,APACHE NUGGET TRAVEL CENTER
SHIPROCK EXPRESS,GULF EXPRESS
OHKAY HOTEL CASINO,OHKAY CASINO
SKY CITY CASINO HOTEL,SKY CITY CASINO
SKYWAY TRAVEL CENTER,SKY WAY TRAVEL CENTER
RSIC SMOKESHOP 1,RSIC SMOKE SHOP 1
YERINGTON PAIUTE TRIBE TRIBAL,YERINGTON PAIUTE SHO
RENO-SPARKS INDIAN SMOKE SHOP,RSIC SMOKE SHOP 2
FOUR SEASONS SMOKE SHOP,FOUR SEASONS SMOKE
RED MOUNTAIN TRAVEL PLAZA,FORT MCDERMITT TRAVEL PLAZA ENTERPRISE
SMOKESHOP III - RENO,SMOKESHOP 3
LAS VEGAS PAIUTE TRIBAL SMOKE SHOP,LAS VEGAS PAIUTE TRIBE SMOKE SHOP
CHEVRON SNOW MOUNTAIN SMOKE SHOP,SNOW MOUNTAIN SMOKE SHOP
RUIZ CIGARS,DIMAS CIGARS
TINDER BOX SMOKE SHOP,EVERLASTING SMOKE
LAS VEGAS PAIUTE TRIBAL MINI MART,LAS VEGAS PAIUTE TRIBAL SMOKE SHOP
HOYA DELI AND BAR,HOYA DELI
MOAPA INDIAN SOCIAL SERVICES,MOAPA TRIBAL SMOKE SHOP
PYRAMID LAKE ENTERPRISES,PYRAMID LAKE MARINA
49 EXPRESS PIT STOP,49 EXPRESS
BIG BOY,BIG BOYS
BROAD STREET SMOKE SHOP SALE,BROAD STREET SMOKE SHOP
KEYES SUPER CENTER,KEYE SUPERCENTER
SACAJAWEA SMOKE SHOP,SACAJAWEA INDIAN MARKET
SENECA BUFFALO CREEK CASINO,SENECA ERIE GAMING CORP
NATIVE PRIDE TRAVEL PLAZA,SENECA NATION OF INDIANS
SMOKIN JOES TRADING POST,SMOKIN JOES
LAKESIDE TRADING - UNION,LAKESIDE TRADING
TRUCK STOP #9,MARKET 9
TWINLEAF DINER AKWESASNE,TWINLEAF
ONONDAGA NATION SMOKE SHOP,ONONDAGA SMOKE SHOP
TWO EAGLES SMOKE SHOP AND GAS MART,ARROWHAWK GAS MART
CLEAR CREEK EXPRESS,PAINTED PONY POST
CAYUGA LAKE TRADING,CAYUGA LAKESIDE TRADING STORE
TARBELL MANAGEMENT GROUP,ELI TARBELL
SENECA DIRECT,SENECA DIRECT.COM
AST SMOKE SHOP / HARRAH SMOKE SHOP,HARRAH SMOKESHOP
KICKAPOO CASINO HARRAH,KICKAPOO CASINO
LUCKY TURTLE CASINO,TURTLE STOP
CHIEF LIQUORS,CHIEF LIQUOR
CHOCTAW TRAVEL PLAZA,CHOCTAW TR
HIGH WINDS CASINO,OTTER 2
BOAT-N-TOTE,BOAT N TOTE
FIRELAKE CASINO AND ENTERTAINMENT CENTER,FIRE LAKE CASINO
SHELL WARRIOR MART,TEXACO WARRIOR MART
CHEROKEE CASINO AND HOTEL ROLAND,CHEROKEE CASINO ROLAND
CHEROKEE NATION SALLISAW CASINO,CHEROKEE CASINO SALLISAW
CHEROKEE CASINO WILL ROGERS DOWNS,CHEROKEE CASINO WILL RIGERS DOWNS
INDEPENDENCE INDIAN SMOKE SHOP,INDEPENDENCE SMOKE SHOP
KANSAS TOBACCO OUTLET,KS TOBACCO OUTLET
REDBIRD INDIAN SMOKESHOP,RED BIRD INDIAN SMOKE SHOP
TWO TURTLES SPERRY,TWO TURTLES SMOKE SHOP
LUCKY STAR CASINO - HAMMON,HAMMON TRAVEL CENTER
SENECA-CAYUGA TRIBAL SMOKE SHP,SENECA CAYUGA TRIBAL SMOKE SHOP
CHISHOLM TRAIL CASINO,RUSTIC TRAIL GIFT SHOP
CHICKASAW TOBACCO,ARDMORE II TOBACCO SHOP
CHICKASAW NATION OUTPOST,CHICKASAW OUTPOST
RIVERWIND CASINO GIFT SHOP,RIVERWIND GIFT SHOP
CHICKASAW TOBACCO SHOP,TISHOMINGO TOBACCO AND GAMING
CONOCO CHOCTAW TRAVEL PLAZA,CHOCTAW NATION TRAVEL MART ATOKA
KIOWA CASINO VERDEN,KIA CASINO VERDEN
CHOCTAW NATION INDIAN SMOKESHOP,CHOCTAW NATION TRAVEL PLAZA IDABEL
CHOCTAW TRAVEL PLAZA-STRINGTOWN,CHOCTAW NATION TRAVEL PLAZA STRINGTOWN
MODOC SMOKESHOP,MODOC SMOKE SHOP
THE STABLES CASINO,THE STABLES
CHECOTAH INDIAN SMOKE SHOP,CHECOTAH SMOKE SHOP
CREEK NATION CASINO OKEMAH,OKEMAH SMOKE SHOP
OKMULGEE INDIAN SMOKE SHOP,OKMULGEE SMOKE SHOP
RIVERSIDE INDIAN SMOKESHOP,RIVERSIDE INDIAN SMOKE SHOP
WEWOKA TRADING POST CASINO,WEWOKA TRADING POST
TONKAWA HOTEL AND CASINO,TONKAWA CASINO AND SMOKE SHOP WEST
RIVER BEND CASINO AND HOTEL,WYANDOTTE NATION CASINO
FAST TRACK,FASTRACK
TWO TURTLE SKIATOOK,TWO TURTLES SMOKE SHOP
CHICKASAW NATION-WIC,CHICKASAW NATION
KIYOU SMOKE SHOP,LEE BOULEVARD SMOKE SHOP
CREEK NATION CASINO CHECOTAH,MUSCOGEE CREEK NATION
THUNDERBIRD DISCOUNT SMOKE SHOP,THUNDERBIRD DISCOUNT SMOKE SHO
T P SMOKE SHOP,TP SMOKE SHOP
VAPOR KINGS - SAND SPRINGS,VAPOR KINGS
WEST TULSA VAPOR S.S,WEST TULSA VAPOR
WARM SPRINGS MARKET,WARMSPRINGS MARKET
3 WARRIORS MARKET,THREE WARRIORS MARKET
THREE RIVERS CASINO AND RESORT,THREE RIVERS CASINO AND HOTEL
TURTLE CREEK CROSSING SUPER FOODS,TURTLE CREEK CROSSING SUPERMARKET
BUCHE FOODS,BUCHES
PUMPR NIKS,PUMP  R  NIKS
COMMON CENTS STORE,COMMON CENTS GROC
BIG BATS 1 PINE RIDGE,BIG BATS
TIMBER LAKE BROADBAND,TIMBER LAKE SERVICE
PAULHAMUS TRADING POST,PAULHAMUS STORE
BAY AT GRAND RIVER CASINO,GRAND RIVER CASINO FOOD AND BEV DEP
COUNTRY MARKET GROCERY,COUNTRY MARKET
EAGLE BUTTE CITY PACKAGE LQR,EAGLE BUTTE PACKAGE LIQUOR
YANKTON SHOP E-Z,SHOP EZ HIGHWAY 81
BULLHEAD TRADING POST,BULLHEAD STORE
CENEX FARM STORE,CENEX
MC LAUGHLIN MUNICIPAL LIQUOR,MCLAUGHLIN MUNICIPAL LIQUOR
THE GOLDEN BUFFALO CASINO RESTAURANT AND MOTEL,GOLDEN BUFFALO CASINO
KICKAPOO LUCKY EAGLE CASINO HOTEL,KICKAPOO LUCKY EAGLE CASINO
SUBWAY RESTAURANTS,KIOWA STATION
SPEAKING ROCK ENTERTAINMENT CENTER,SPEAKING ROCK ENTERTAINMENT
S I A SMOKE SHOP,SMOKE 44
TURTLES SMOKE SHOP,TURTTLES SMOKE SHOP
WHITE RIVER AMPHITHEATRE,WHITE RIVER AMPHITHEATER
LIL BROWN SMOKE SHACK,LITTLE BROWN SMOKE SHACK
NISQUALLY MARKETS,NISQUALLY MARKET
CROSSROAD MARKET,CROSS ROAD MARKET
GALAXY NATIVE SMOKES,COULEE TOBACCO AND MORE
COLVILLE TRIBES TRADING POST,THE TRADING POST
LEGENDS CASINO HOTEL,YAKAMA NATION LEGENDS CASINO
CRESCENT MARKET,SNOQUALMIE TOBACCO COMPANY AND LIQUOR STORE
CHEWELAH CASINO MISTEQUA CAFE,CHEWELAH CASINO
ANGEL OF THE WINDS CASINO RESORT,ANGEL OF THE WINDS CASINO
SUQUAMISH CLEARWATER CASINO RESORT,CLEARWATER CASINO RESORT
CHEVRON ANACORTES,NORTHERN LIGHTS CHEVRON
PACIFIC BLANKET TRADING POST,TRADING POST
KALISPEL MARKET CHEVRON,CHEVRON
SILVER REEF HOTEL CASINO SPA,SILVER REEF CASINO
NISQUALLY RED WIND CASINO,RED WIND CASINO
NOOKSACK NORTHWOOD CASINO,NORTHWOOD CASINO
UP IN SMOKE POULSBO,UP IN SMOKE
WAR PONY XPRESS,WAR PONY EXPRESS
FOURWINDS MARKET,FOUR WINDS MARKET
ST. CROIX CHIPPEWA INDIANS OF WISCONSIN,ST CROIX CHIPPEWA INDIANS OF WI
ST CROIX CASINO TURTLE LAKE,ST. CROIX CASINO
LCO QUICK STOP,LCO COMMERCIAL CENTER
SOKAOGON CHIPPEWA CENEX,SOKAOGON CHIPPEWA COMMUNITY CONVENIENCE CENTER
HO-CHUNK RV RESORT AND CAMPGROUND,CROCKETT RESORT AND RV PARK
WHITETAIL CROSSING HO CHUNK,WHITETAIL CROSSING WITTENBERG
GRINDSTONE CREEK CASINO,GRINSTONE CREEK CASINO
LDF SMOKE SHOP,LAC DU FLAMBEAU SMOKE SHOP
LAKE OF THE TORCHES RESORT CASINO,LAKE OF THE TORCHES CASINO
MENOMONEE FUEL STATION,MENOMINEE FUEL STATION
ONEIDA CASINO,IMAC CASINO
ONEIDA CASINO WEST MASON,ONEIDA MASON STREET CASINO
ONEIDA ONE-STOP 54,ONEIDA ONE STOP
SHOSHONE ROSE CASINO AND HOTEL,SHOSHONE ROSE CASINO GIFT SHOP
KINNEAR STORE,KINEAR STORE
RED EAGLE FOOD STORE,RED EAGLE FOOD (EXXON)
EASTERN SHOSHONE HOUSING AUTH,SHOSHONE TRIBAL SVC STATION
